Name	Completeness	Contamination	Completeness_Model_Used	Translation_Table_Used	Coding_Density	Contig_N50	Average_Gene_Length	Genome_Size	GC_Content	Total_Coding_Sequences	Total_Contigs	Max_Contig_Length	Additional_Notes
0	2.86	0.0	Neural Network (Specific Model)	11	0.775	8562	230.39240506329114	70105	0.49	79	12	18463	None
1	4.58	0.0	Neural Network (Specific Model)	11	0.864	7311	271.8541666666667	135637	0.37	144	27	34784	None
2	3.13	0.0	Neural Network (Specific Model)	11	0.822	3212	258.57894736842104	143070	0.37	152	52	7189	None
3	100.0	0.03	Neural Network (Specific Model)	11	0.876	18715	322.3307484828051	3271091	0.4	2966	230	54442	None
4	2.64	0.01	Neural Network (Specific Model)	11	0.857	2272	251.5121951219512	108124	0.32	123	52	4763	None
